,MAE,RMSE,MAPE,sMAPE,MASE,bias,asymmetric_cost,under_units,over_units
bu_country,21419.9849001793,26724.97975373824,12.023886793207431,12.543834722507569,0.5354302351168705,-11769.020598783234,569627.9451889849,132756.02199585014,38603.85720558427
hw_mul_m13,22453.142833803842,29926.31691531146,11.909784951169417,12.923521487484432,0.561255836670344,-18411.387203588285,669999.5031191362,163458.1201495685,16167.022520862229
hw_mul_m8,27624.010365455135,41807.41484403186,13.878871798468387,15.929749645523113,0.6905107745768159,-23466.514727358095,834078.3840373999,204362.10037125292,16629.98255238816
hw_mul_plus_calendar_resid,28142.55201218993,32599.661180263385,15.59466845529694,16.88988910272054,0.7034726359937573,-22008.00805132874,826947.1368597435,200602.24025407468,24538.17584344477
bu_country_volscaled,30109.910570502165,34355.49283044578,16.799676547041635,18.484421772411956,0.7526502269372266,-25044.2072142728,902728.6979813168,220616.47113909986,20262.81342491746
bu_country_blend50,30168.209980486965,34373.66215290546,16.812646683317634,18.4647291193854,0.7541075233331299,-25044.207214272807,903894.6861810129,220849.66877903906,20496.011064856633
hw_mul_m26,30226.509390471754,34464.023681866296,16.825616819593638,18.45575646967897,0.7555648197290331,-25044.207214272803,905060.6743807087,221082.86641897823,20729.208704795805
timesfm_zeroshot,31731.947265625,40346.51945525373,16.879359317425823,18.989946544988687,0.7931958899283588,-27765.701171875,967827.359375,237990.59375,15864.984375
hw_mul_m4,33592.40128884666,44246.87805845645,17.488715852347074,20.10507237432088,0.839701213798562,-33592.40128884666,1074956.8412430931,268739.2103107733,0.0
